{
    "camera_": {
        "orthographic": {
            "height": 10.0,
            "position": {
                "x": 0.0,
                "y": 0.0,
                "z": 100.0
            }
        },
        "perspective": {
            "forward": {
                "x": -0.9954562187194824,
                "y": -0.03582437336444855,
                "z": -0.08822441846132278
            },
            "fov": 0.7853981852531433,
            "pitch": -0.03583204001188278,
            "position": {
                "x": 6.345280170440674,
                "y": 1.3468531370162964,
                "z": 2.3003461360931396
            },
            "right": {
                "x": 0.08828108757734299,
                "y": 0.0,
                "z": -0.996095597743988
            },
            "up": {
                "x": -0.0356844998896122,
                "y": 0.9993581175804138,
                "z": -0.0031626145355403423
            },
            "yaw": 3.2299888134002686
        }
    }
}