{
    "camera_": {
        "orthographic": {
            "height": 10.0,
            "position": {
                "x": 0.0,
                "y": 0.0,
                "z": 100.0
            }
        },
        "perspective": {
            "forward": {
                "x": -1.0,
                "y": 0.0,
                "z": 1.5099580252808664e-07
            },
            "fov": 0.7853981852531433,
            "pitch": 0.0,
            "position": {
                "x": 0.0,
                "y": 0.0,
                "z": 1.0
            },
            "right": {
                "x": -1.5099580252808664e-07,
                "y": 0.0,
                "z": -1.0
            },
            "up": {
                "x": 0.0,
                "y": 1.0,
                "z": 0.0
            },
            "yaw": 3.141592502593994
        }
    }
}