{
    "camera_set_": {
        "orthographic": {
            "height": 10.0,
            "position": {
                "x": 0.0,
                "y": 0.0,
                "z": 1.0
            }
        },
        "perspective": {
            "fov": 0.7853981852531433,
            "orbit_distance": 24.978342056274414,
            "orbit_target": {
                "x": 0.0,
                "y": 0.0,
                "z": 0.0
            },
            "pitch": -1.4422279596328735,
            "position": {
                "x": -2.2905220985412598,
                "y": -24.77218246459961,
                "z": 2.2383158206939697
            },
            "up": {
                "x": -0.7093074321746826,
                "y": 0.12821447849273682,
                "z": 0.6931407451629639
            },
            "yaw": -0.7969251275062561
        },
        "use_ortho": false
    },
    "clear_color_": {
        "rgba": [
            1.0,
            0.0,
            0.0,
            1.0
        ]
    }
}