{
    "camera_set_": {
        "orthographic": {
            "height": 10.0,
            "position": {
                "x": 0.0,
                "y": 0.0,
                "z": 1.0
            }
        },
        "perspective": {
            "fov": 0.7853981852531433,
            "orbit_distance": 27.60274314880371,
            "orbit_target": {
                "x": 0.0,
                "y": 0.0,
                "z": 0.0
            },
            "pitch": -1.5,
            "position": {
                "x": -0.12183781713247299,
                "y": -27.533597946166992,
                "z": -1.9487357139587402
            },
            "up": {
                "x": -0.06224330887198448,
                "y": 0.07073720544576645,
                "z": -0.9955511093139648
            },
            "yaw": -15.645523071289063
        },
        "use_ortho": false
    },
    "clear_color_": {
        "rgba": [
            0.0,
            0.0,
            0.0,
            1.0
        ]
    }
}